timeStamp,elapsed,label,responseCode,responseMessage,threadName,dataType,success,failureMessage,bytes,sentBytes,grpThreads,allThreads,URL,Latency,IdleTime,Connect
1736371363906,1068,get_characters,200,OK,Thread Group 1-9,text,true,,2627,161,100,100,http://10.0.107.201:3001/characters,1065,0,31
1736371363905,1070,get_characters,200,OK,Thread Group 1-3,text,true,,2627,161,100,100,http://10.0.107.201:3001/characters,1070,0,31
1736371363905,1072,get_characters,200,OK,Thread Group 1-6,text,true,,2627,161,100,100,http://10.0.107.201:3001/characters,1072,0,31
1736371363905,1081,get_characters,200,OK,Thread Group 1-4,text,true,,2627,161,100,100,http://10.0.107.201:3001/characters,1081,0,31
1736371363905,1082,get_characters,200,OK,Thread Group 1-1,text,true,,2627,161,100,100,http://10.0.107.201:3001/characters,1082,0,31
1736371363905,1083,get_characters,200,OK,Thread Group 1-7,text,true,,2627,161,100,100,http://10.0.107.201:3001/characters,1083,0,31
1736371363906,1088,get_characters,200,OK,Thread Group 1-8,text,true,,2627,161,100,100,http://10.0.107.201:3001/characters,1088,0,31
1736371363911,1083,get_characters,200,OK,Thread Group 1-10,text,true,,2627,161,100,100,http://10.0.107.201:3001/characters,1083,0,26
1736371363905,1089,get_characters,200,OK,Thread Group 1-2,text,true,,2627,161,100,100,http://10.0.107.201:3001/characters,1089,0,31
1736371363905,1092,get_characters,200,OK,Thread Group 1-5,text,true,,2627,161,100,100,http://10.0.107.201:3001/characters,1092,0,31
1736371363930,1074,get_characters,200,OK,Thread Group 1-12,text,true,,2627,161,100,100,http://10.0.107.201:3001/characters,1074,0,18
1736371363920,1084,get_characters,200,OK,Thread Group 1-11,text,true,,2627,161,100,100,http://10.0.107.201:3001/characters,1084,0,28
1736371364976,31,get_character/id,200,OK,Thread Group 1-9,text,true,,265,163,100,100,http://10.0.107.201:3001/character/29,31,0,0
1736371364978,30,get_character/id,200,OK,Thread Group 1-6,text,true,,265,162,100,100,http://10.0.107.201:3001/character/1,30,0,0
1736371364976,34,get_character/id,200,OK,Thread Group 1-3,text,true,,265,163,100,100,http://10.0.107.201:3001/character/62,34,0,0
1736371363939,1073,get_characters,200,OK,Thread Group 1-13,text,true,,2627,161,100,100,http://10.0.107.201:3001/characters,1073,0,1048
1736371363960,1052,get_characters,200,OK,Thread Group 1-15,text,true,,2627,161,100,100,http://10.0.107.201:3001/characters,1052,0,1027
1736371363990,1023,get_characters,200,OK,Thread Group 1-18,text,true,,2627,161,100,100,http://10.0.107.201:3001/characters,1023,0,997
1736371363950,1067,get_characters,200,OK,Thread Group 1-14,text,true,,2627,161,100,100,http://10.0.107.201:3001/characters,1067,0,1037
1736371364010,1008,get_characters,200,OK,Thread Group 1-20,text,true,,2627,161,100,100,http://10.0.107.201:3001/characters,1008,0,977
1736371363970,1052,get_characters,200,OK,Thread Group 1-16,text,true,,2627,161,100,100,http://10.0.107.201:3001/characters,1052,0,1017
1736371363979,1043,get_characters,200,OK,Thread Group 1-17,text,true,,2627,161,100,100,http://10.0.107.201:3001/characters,1043,0,1008
1736371364020,1004,get_characters,200,OK,Thread Group 1-21,text,true,,2627,161,100,100,http://10.0.107.201:3001/characters,1004,0,967
1736371364000,1024,get_characters,200,OK,Thread Group 1-19,text,true,,2627,161,100,100,http://10.0.107.201:3001/characters,1024,0,987
1736371364031,993,get_characters,200,OK,Thread Group 1-22,text,true,,2627,161,100,100,http://10.0.107.201:3001/characters,993,0,956
1736371364039,991,get_characters,200,OK,Thread Group 1-23,text,true,,2627,161,100,100,http://10.0.107.201:3001/characters,991,0,948
1736371364050,980,get_characters,200,OK,Thread Group 1-24,text,true,,2627,161,100,100,http://10.0.107.201:3001/characters,980,0,937
1736371364988,42,get_character/id,200,OK,Thread Group 1-4,text,true,,265,163,100,100,http://10.0.107.201:3001/character/33,42,0,0
1736371364059,971,get_characters,200,OK,Thread Group 1-25,text,true,,2627,161,100,100,http://10.0.107.201:3001/characters,971,0,928
1736371364070,960,get_characters,200,OK,Thread Group 1-26,text,true,,2627,161,100,100,http://10.0.107.201:3001/characters,960,0,917
1736371364090,943,get_characters,200,OK,Thread Group 1-28,text,true,,2627,161,100,100,http://10.0.107.201:3001/characters,943,0,897
1736371364079,958,get_characters,200,OK,Thread Group 1-27,text,true,,2627,161,100,100,http://10.0.107.201:3001/characters,958,0,908
1736371364110,930,get_characters,200,OK,Thread Group 1-30,text,true,,2627,161,100,100,http://10.0.107.201:3001/characters,930,0,877
1736371364100,940,get_characters,200,OK,Thread Group 1-29,text,true,,2627,161,100,100,http://10.0.107.201:3001/characters,940,0,887
1736371364119,925,get_characters,200,OK,Thread Group 1-31,text,true,,2627,161,100,100,http://10.0.107.201:3001/characters,925,0,868
1736371364130,914,get_characters,200,OK,Thread Group 1-32,text,true,,2627,161,100,100,http://10.0.107.201:3001/characters,914,0,857
1736371364140,904,get_characters,200,OK,Thread Group 1-33,text,true,,2627,161,100,100,http://10.0.107.201:3001/characters,904,0,847
1736371364989,55,get_character/id,200,OK,Thread Group 1-1,text,true,,192,163,100,100,http://10.0.107.201:3001/character/84,55,0,0
1736371364161,885,get_characters,200,OK,Thread Group 1-35,text,true,,2627,161,100,100,http://10.0.107.201:3001/characters,885,0,827
1736371364170,889,get_characters,200,OK,Thread Group 1-36,text,true,,2627,161,100,100,http://10.0.107.201:3001/characters,888,0,818
1736371364179,880,get_characters,200,OK,Thread Group 1-37,text,true,,2627,161,100,100,http://10.0.107.201:3001/characters,880,0,809
1736371364199,860,get_characters,200,OK,Thread Group 1-39,text,true,,2627,161,100,100,http://10.0.107.201:3001/characters,860,0,789
1736371364150,909,get_characters,200,OK,Thread Group 1-34,text,true,,2627,161,100,100,http://10.0.107.201:3001/characters,909,0,838
1736371364230,838,get_characters,200,OK,Thread Group 1-42,text,true,,2627,161,100,100,http://10.0.107.201:3001/characters,838,0,758
1736371364189,879,get_characters,200,OK,Thread Group 1-38,text,true,,2627,161,100,100,http://10.0.107.201:3001/characters,879,0,799
1736371364211,857,get_characters,200,OK,Thread Group 1-40,text,true,,2627,161,100,100,http://10.0.107.201:3001/characters,857,0,777
1736371364990,93,get_character/id,200,OK,Thread Group 1-7,text,true,,265,163,100,100,http://10.0.107.201:3001/character/59,93,0,0
1736371364239,844,get_characters,200,OK,Thread Group 1-43,text,true,,2627,161,100,100,http://10.0.107.201:3001/characters,844,0,749
1736371364220,863,get_characters,200,OK,Thread Group 1-41,text,true,,2627,161,100,100,http://10.0.107.201:3001/characters,863,0,768
1736371364998,85,get_character/id,200,OK,Thread Group 1-5,text,true,,192,163,100,100,http://10.0.107.201:3001/character/83,85,0,0
1736371364994,89,get_character/id,200,OK,Thread Group 1-8,text,true,,265,162,100,100,http://10.0.107.201:3001/character/6,89,0,0
1736371364994,89,get_character/id,200,OK,Thread Group 1-10,text,true,,265,163,100,100,http://10.0.107.201:3001/character/38,89,0,0
1736371364995,88,get_character/id,200,OK,Thread Group 1-2,text,true,,265,163,100,100,http://10.0.107.201:3001/character/56,88,0,0
1736371364248,836,get_characters,200,OK,Thread Group 1-44,text,true,,2627,161,100,100,http://10.0.107.201:3001/characters,836,0,740
1736371364261,823,get_characters,200,OK,Thread Group 1-45,text,true,,2627,161,100,100,http://10.0.107.201:3001/characters,823,0,728
1736371364299,785,get_characters,200,OK,Thread Group 1-49,text,true,,2627,161,100,100,http://10.0.107.201:3001/characters,785,0,700
1736371364329,755,get_characters,200,OK,Thread Group 1-52,text,true,,2627,161,100,100,http://10.0.107.201:3001/characters,755,0,670
1736371364308,781,get_characters,200,OK,Thread Group 1-50,text,true,,2627,161,100,100,http://10.0.107.201:3001/characters,781,0,691
1736371364278,811,get_characters,200,OK,Thread Group 1-47,text,true,,2627,161,100,100,http://10.0.107.201:3001/characters,811,0,721
1736371364359,730,get_characters,200,OK,Thread Group 1-55,text,true,,2627,161,100,100,http://10.0.107.201:3001/characters,730,0,640
1736371364390,701,get_characters,200,OK,Thread Group 1-58,text,true,,2627,161,100,100,http://10.0.107.201:3001/characters,701,0,610
1736371364380,711,get_characters,200,OK,Thread Group 1-57,text,true,,2627,161,100,100,http://10.0.107.201:3001/characters,711,0,620
1736371364421,670,get_characters,200,OK,Thread Group 1-61,text,true,,2627,161,100,100,http://10.0.107.201:3001/characters,670,0,579
1736371364429,663,get_characters,200,OK,Thread Group 1-62,text,true,,2627,161,100,100,http://10.0.107.201:3001/characters,663,0,571
1736371364449,644,get_characters,200,OK,Thread Group 1-64,text,true,,2627,161,100,100,http://10.0.107.201:3001/characters,644,0,551
1736371364479,619,get_characters,200,OK,Thread Group 1-67,text,true,,2627,161,100,100,http://10.0.107.201:3001/characters,619,0,521
1736371364498,600,get_characters,200,OK,Thread Group 1-69,text,true,,2627,161,100,100,http://10.0.107.201:3001/characters,600,0,502
1736371364508,590,get_characters,200,OK,Thread Group 1-70,text,true,,2627,161,100,100,http://10.0.107.201:3001/characters,590,0,492
1736371364530,568,get_characters,200,OK,Thread Group 1-72,text,true,,2627,161,100,100,http://10.0.107.201:3001/characters,568,0,470
1736371364570,529,get_characters,200,OK,Thread Group 1-76,text,true,,2627,161,100,100,http://10.0.107.201:3001/characters,529,0,430
1736371364560,540,get_characters,200,OK,Thread Group 1-75,text,true,,2627,161,100,100,http://10.0.107.201:3001/characters,540,0,440
1736371364628,472,get_characters,200,OK,Thread Group 1-82,text,true,,2627,161,100,100,http://10.0.107.201:3001/characters,472,0,374
1736371364600,500,get_characters,200,OK,Thread Group 1-79,text,true,,2627,161,100,100,http://10.0.107.201:3001/characters,500,0,402
1736371364650,461,get_characters,200,OK,Thread Group 1-84,text,true,,2627,161,100,100,http://10.0.107.201:3001/characters,461,0,352
1736371364619,495,get_characters,200,OK,Thread Group 1-81,text,true,,2627,161,100,100,http://10.0.107.201:3001/characters,495,0,383
1736371364269,845,get_characters,200,OK,Thread Group 1-46,text,true,,2627,161,100,100,http://10.0.107.201:3001/characters,845,0,734
1736371364679,435,get_characters,200,OK,Thread Group 1-87,text,true,,2627,161,100,100,http://10.0.107.201:3001/characters,435,0,323
1736371364319,795,get_characters,200,OK,Thread Group 1-51,text,true,,2627,161,100,100,http://10.0.107.201:3001/characters,795,0,684
1736371365004,112,get_character/id,200,OK,Thread Group 1-11,text,true,,265,163,100,100,http://10.0.107.201:3001/character/39,112,0,0
1736371365004,112,get_character/id,200,OK,Thread Group 1-12,text,true,,265,162,100,100,http://10.0.107.201:3001/character/6,112,0,0
1736371365008,108,post_character,200,OK,Thread Group 1-6,text,true,,265,223,100,100,http://10.0.107.201:3001/character,108,0,0
1736371364288,828,get_characters,200,OK,Thread Group 1-48,text,true,,2627,161,100,100,http://10.0.107.201:3001/characters,828,0,715
1736371365007,109,post_character,200,OK,Thread Group 1-9,text,true,,265,223,100,100,http://10.0.107.201:3001/character,109,0,0
1736371364338,778,get_characters,200,OK,Thread Group 1-53,text,true,,2627,161,100,100,http://10.0.107.201:3001/characters,778,0,665
1736371365012,109,get_character/id,200,OK,Thread Group 1-13,text,true,,265,163,100,100,http://10.0.107.201:3001/character/34,109,0,0
1736371365018,103,get_character/id,200,OK,Thread Group 1-20,text,true,,265,163,100,100,http://10.0.107.201:3001/character/21,103,0,0
1736371364348,773,get_characters,200,OK,Thread Group 1-54,text,true,,2689,161,100,100,http://10.0.107.201:3001/characters,773,0,655
1736371365013,108,get_character/id,200,OK,Thread Group 1-18,text,true,,265,163,100,100,http://10.0.107.201:3001/character/29,108,0,0
1736371365022,99,get_character/id,200,OK,Thread Group 1-16,text,true,,266,163,100,100,http://10.0.107.201:3001/character/40,99,0,0
1736371365010,111,post_character,200,OK,Thread Group 1-3,text,true,,265,223,100,100,http://10.0.107.201:3001/character,111,0,0
1736371365013,108,get_character/id,200,OK,Thread Group 1-15,text,true,,265,163,100,100,http://10.0.107.201:3001/character/28,108,0,0
1736371365018,103,get_character/id,200,OK,Thread Group 1-14,text,true,,265,163,100,100,http://10.0.107.201:3001/character/17,103,0,0
1736371365024,98,get_character/id,200,OK,Thread Group 1-21,text,true,,265,163,100,100,http://10.0.107.201:3001/character/39,98,0,0
1736371365030,92,get_character/id,200,OK,Thread Group 1-23,text,true,,265,163,100,100,http://10.0.107.201:3001/character/25,92,0,0
1736371365022,100,get_character/id,200,OK,Thread Group 1-17,text,true,,192,163,100,100,http://10.0.107.201:3001/character/92,100,0,0
1736371365030,92,get_character/id,200,OK,Thread Group 1-24,text,true,,265,163,100,100,http://10.0.107.201:3001/character/80,92,0,0
1736371365030,92,get_character/id,200,OK,Thread Group 1-25,text,true,,192,163,100,100,http://10.0.107.201:3001/character/87,92,0,0
1736371365024,98,get_character/id,200,OK,Thread Group 1-22,text,true,,265,163,100,100,http://10.0.107.201:3001/character/25,98,0,0
1736371365030,92,post_character,200,OK,Thread Group 1-4,text,true,,264,222,100,100,http://10.0.107.201:3001/character,92,0,0
1736371365033,89,get_character/id,200,OK,Thread Group 1-28,text,true,,265,163,100,100,http://10.0.107.201:3001/character/28,89,0,0
1736371365024,98,get_character/id,200,OK,Thread Group 1-19,text,true,,192,163,100,100,http://10.0.107.201:3001/character/85,98,0,0
1736371365030,92,get_character/id,200,OK,Thread Group 1-26,text,true,,265,163,100,100,http://10.0.107.201:3001/character/14,92,0,0
1736371364369,754,get_characters,200,OK,Thread Group 1-56,text,true,,2750,161,100,100,http://10.0.107.201:3001/characters,754,0,634
1736371365040,83,get_character/id,200,OK,Thread Group 1-30,text,true,,265,163,100,100,http://10.0.107.201:3001/character/57,83,0,0
1736371365041,82,get_character/id,200,OK,Thread Group 1-29,text,true,,192,163,100,100,http://10.0.107.201:3001/character/91,82,0,0
1736371364399,724,get_characters,200,OK,Thread Group 1-59,text,true,,2750,161,100,100,http://10.0.107.201:3001/characters,724,0,604
1736371365037,86,get_character/id,200,OK,Thread Group 1-27,text,true,,265,163,100,100,http://10.0.107.201:3001/character/17,86,0,0
1736371364410,715,get_characters,200,OK,Thread Group 1-60,text,true,,2750,161,100,100,http://10.0.107.201:3001/characters,714,0,593
1736371364439,686,get_characters,200,OK,Thread Group 1-63,text,true,,2750,161,100,100,http://10.0.107.201:3001/characters,686,0,564
1736371364459,667,get_characters,200,OK,Thread Group 1-65,text,true,,2750,161,100,100,http://10.0.107.201:3001/characters,667,0,544
1736371364468,658,get_characters,200,OK,Thread Group 1-66,text,true,,2750,161,100,100,http://10.0.107.201:3001/characters,658,0,535
1736371364520,606,get_characters,200,OK,Thread Group 1-71,text,true,,2750,161,100,100,http://10.0.107.201:3001/characters,606,0,483
1736371364539,592,get_characters,200,OK,Thread Group 1-73,text,true,,2750,161,100,100,http://10.0.107.201:3001/characters,592,0,464
1736371364549,582,get_characters,200,OK,Thread Group 1-74,text,true,,2750,161,100,100,http://10.0.107.201:3001/characters,582,0,454
1736371364589,542,get_characters,200,OK,Thread Group 1-78,text,true,,2750,161,100,100,http://10.0.107.201:3001/characters,542,0,414
1736371365044,88,get_character/id,200,OK,Thread Group 1-31,text,true,,192,163,100,100,http://10.0.107.201:3001/character/95,88,0,0
1736371364490,642,get_characters,200,OK,Thread Group 1-68,text,true,,2750,161,100,100,http://10.0.107.201:3001/characters,642,0,513
1736371365045,87,get_character/id,200,OK,Thread Group 1-33,text,true,,265,163,100,100,http://10.0.107.201:3001/character/67,87,0,0
1736371365044,88,get_character/id,200,OK,Thread Group 1-32,text,true,,265,163,100,100,http://10.0.107.201:3001/character/57,88,0,0
1736371365046,86,get_character/id,200,OK,Thread Group 1-35,text,true,,265,163,100,100,http://10.0.107.201:3001/character/71,86,0,0
1736371365045,87,post_character,200,OK,Thread Group 1-1,text,true,,265,223,100,100,http://10.0.107.201:3001/character,87,0,0
1736371364580,553,get_characters,200,OK,Thread Group 1-77,text,true,,2781,161,100,100,http://10.0.107.201:3001/characters,553,0,423
1736371364638,499,get_characters,200,OK,Thread Group 1-83,text,true,,2781,161,100,100,http://10.0.107.201:3001/characters,499,0,365
1736371364609,528,get_characters,200,OK,Thread Group 1-80,text,true,,2781,161,100,100,http://10.0.107.201:3001/characters,528,0,394
1736371364668,469,get_characters,200,OK,Thread Group 1-86,text,true,,2781,161,100,100,http://10.0.107.201:3001/characters,469,0,335
1736371364659,478,get_characters,200,OK,Thread Group 1-85,text,true,,2781,161,100,100,http://10.0.107.201:3001/characters,478,0,344
1736371364689,453,get_characters,200,OK,Thread Group 1-88,text,true,,2781,161,100,100,http://10.0.107.201:3001/characters,453,0,315
1736371364718,428,get_characters,200,OK,Thread Group 1-91,text,true,,2781,161,100,100,http://10.0.107.201:3001/characters,428,0,286
1736371364699,447,get_characters,200,OK,Thread Group 1-89,text,true,,2781,161,100,100,http://10.0.107.201:3001/characters,447,0,305
1736371364708,439,get_characters,200,OK,Thread Group 1-90,text,true,,2781,161,100,100,http://10.0.107.201:3001/characters,439,0,296
1736371364739,409,get_characters,200,OK,Thread Group 1-93,text,true,,2781,161,100,100,http://10.0.107.201:3001/characters,409,0,265
1736371364729,419,get_characters,200,OK,Thread Group 1-92,text,true,,2781,161,100,100,http://10.0.107.201:3001/characters,419,0,275
1736371364749,409,get_characters,200,OK,Thread Group 1-94,text,true,,2781,161,100,100,http://10.0.107.201:3001/characters,409,0,255
1736371364759,403,get_characters,200,OK,Thread Group 1-95,text,true,,2781,161,100,100,http://10.0.107.201:3001/characters,403,0,245
1736371364769,394,get_characters,200,OK,Thread Group 1-96,text,true,,2781,161,100,100,http://10.0.107.201:3001/characters,394,0,235
1736371364789,374,get_characters,200,OK,Thread Group 1-98,text,true,,2781,161,100,100,http://10.0.107.201:3001/characters,374,0,215
1736371364778,387,get_characters,200,OK,Thread Group 1-97,text,true,,2781,161,100,100,http://10.0.107.201:3001/characters,387,0,226
1736371364799,367,get_characters,200,OK,Thread Group 1-99,text,true,,2781,161,100,100,http://10.0.107.201:3001/characters,367,0,205
1736371364809,357,get_characters,200,OK,Thread Group 1-100,text,true,,2781,161,100,100,http://10.0.107.201:3001/characters,357,0,195
1736371365059,107,get_character/id,200,OK,Thread Group 1-37,text,true,,265,163,100,100,http://10.0.107.201:3001/character/67,107,0,0
1736371365069,97,get_character/id,200,OK,Thread Group 1-42,text,true,,265,162,100,100,http://10.0.107.201:3001/character/5,97,0,0
1736371365059,107,get_character/id,200,OK,Thread Group 1-39,text,true,,265,163,100,100,http://10.0.107.201:3001/character/67,107,0,0
1736371365069,97,get_character/id,200,OK,Thread Group 1-38,text,true,,192,164,100,100,http://10.0.107.201:3001/character/100,97,0,0
1736371365060,106,get_character/id,200,OK,Thread Group 1-34,text,true,,265,163,100,100,http://10.0.107.201:3001/character/43,106,0,0
1736371365083,83,get_character/id,200,OK,Thread Group 1-41,text,true,,265,163,100,100,http://10.0.107.201:3001/character/45,83,0,0
1736371365083,83,get_character/id,200,OK,Thread Group 1-43,text,true,,192,163,100,100,http://10.0.107.201:3001/character/99,83,0,0
1736371365083,83,post_character,200,OK,Thread Group 1-5,text,true,,265,223,100,100,http://10.0.107.201:3001/character,83,0,0
1736371365083,83,post_character,200,OK,Thread Group 1-2,text,true,,265,223,100,100,http://10.0.107.201:3001/character,83,0,0
1736371365069,97,get_character/id,200,OK,Thread Group 1-40,text,true,,265,163,100,100,http://10.0.107.201:3001/character/35,97,0,0
1736371365059,107,get_character/id,200,OK,Thread Group 1-36,text,true,,265,163,100,100,http://10.0.107.201:3001/character/65,107,0,0
1736371365083,84,post_character,200,OK,Thread Group 1-7,text,true,,265,223,100,100,http://10.0.107.201:3001/character,84,0,0
1736371365084,83,get_character/id,200,OK,Thread Group 1-44,text,true,,265,162,100,100,http://10.0.107.201:3001/character/7,83,0,0
1736371365083,90,post_character,200,OK,Thread Group 1-10,text,true,,265,223,100,100,http://10.0.107.201:3001/character,90,0,0
1736371365085,88,get_character/id,200,OK,Thread Group 1-52,text,true,,265,163,100,100,http://10.0.107.201:3001/character/26,88,0,0
1736371365085,88,get_character/id,200,OK,Thread Group 1-49,text,true,,192,163,100,100,http://10.0.107.201:3001/character/90,88,0,0
1736371365090,83,get_character/id,200,OK,Thread Group 1-47,text,true,,192,163,100,100,http://10.0.107.201:3001/character/97,83,0,0
1736371365090,83,get_character/id,200,OK,Thread Group 1-55,text,true,,265,163,100,100,http://10.0.107.201:3001/character/26,83,0,0
1736371365089,84,get_character/id,200,OK,Thread Group 1-50,text,true,,192,163,100,100,http://10.0.107.201:3001/character/90,84,0,0
1736371365092,81,get_character/id,200,OK,Thread Group 1-61,text,true,,265,163,100,100,http://10.0.107.201:3001/character/57,81,0,0
1736371365099,74,get_character/id,200,OK,Thread Group 1-72,text,true,,265,163,100,100,http://10.0.107.201:3001/character/84,74,0,0
1736371365092,81,get_character/id,200,OK,Thread Group 1-62,text,true,,192,163,100,100,http://10.0.107.201:3001/character/98,81,0,0
1736371365100,73,get_character/id,200,OK,Thread Group 1-79,text,true,,265,163,100,100,http://10.0.107.201:3001/character/30,73,0,0
1736371365083,90,post_character,200,OK,Thread Group 1-8,text,true,,265,223,100,100,http://10.0.107.201:3001/character,90,0,0
1736371365098,76,get_character/id,200,OK,Thread Group 1-69,text,true,,265,163,100,100,http://10.0.107.201:3001/character/14,76,0,0
1736371365091,83,get_character/id,200,OK,Thread Group 1-58,text,true,,265,163,100,100,http://10.0.107.201:3001/character/38,83,0,0
1736371365091,82,get_character/id,200,OK,Thread Group 1-57,text,true,,265,163,100,100,http://10.0.107.201:3001/character/78,82,0,0
1736371365094,80,get_character/id,200,OK,Thread Group 1-64,text,true,,265,163,100,100,http://10.0.107.201:3001/character/33,80,0,0
1736371365111,63,get_character/id,200,OK,Thread Group 1-84,text,true,,265,163,100,100,http://10.0.107.201:3001/character/83,63,0,0
1736371365085,88,get_character/id,200,OK,Thread Group 1-45,text,true,,265,163,100,100,http://10.0.107.201:3001/character/49,88,0,0
1736371365116,58,put_character,200,OK,Thread Group 1-9,text,true,,265,223,100,100,http://10.0.107.201:3001/character/38,58,0,0
1736371365098,76,get_character/id,200,OK,Thread Group 1-67,text,true,,265,162,100,100,http://10.0.107.201:3001/character/9,75,0,0
1736371365116,58,post_character,200,OK,Thread Group 1-12,text,true,,265,223,100,100,http://10.0.107.201:3001/character,58,0,0
1736371365115,59,get_character/id,200,OK,Thread Group 1-51,text,true,,265,163,100,100,http://10.0.107.201:3001/character/59,59,0,0
1736371365116,58,get_character/id,200,OK,Thread Group 1-53,text,true,,265,163,100,100,http://10.0.107.201:3001/character/80,58,0,0
1736371365116,58,post_character,200,OK,Thread Group 1-11,text,true,,265,223,100,100,http://10.0.107.201:3001/character,58,0,0
1736371365115,59,get_character/id,200,OK,Thread Group 1-81,text,true,,265,163,100,100,http://10.0.107.201:3001/character/24,59,0,0
1736371365115,59,get_character/id,200,OK,Thread Group 1-87,text,true,,265,163,100,100,http://10.0.107.201:3001/character/49,59,0,0
1736371365115,59,get_character/id,200,OK,Thread Group 1-46,text,true,,265,163,100,100,http://10.0.107.201:3001/character/82,59,0,0
1736371365100,74,get_character/id,200,OK,Thread Group 1-82,text,true,,265,163,100,100,http://10.0.107.201:3001/character/27,74,0,0
1736371365100,74,get_character/id,200,OK,Thread Group 1-76,text,true,,265,163,100,100,http://10.0.107.201:3001/character/60,74,0,0
1736371365100,74,get_character/id,200,OK,Thread Group 1-75,text,true,,265,163,100,100,http://10.0.107.201:3001/character/37,74,0,0
1736371365098,76,get_character/id,200,OK,Thread Group 1-70,text,true,,265,163,100,100,http://10.0.107.201:3001/character/28,76,0,0
1736371365121,62,get_character/id,200,OK,Thread Group 1-54,text,true,,265,162,100,100,http://10.0.107.201:3001/character/5,62,0,0
1736371365116,67,get_character/id,200,OK,Thread Group 1-48,text,true,,265,163,100,100,http://10.0.107.201:3001/character/12,67,0,0
1736371365121,62,put_character,200,OK,Thread Group 1-3,text,true,,265,223,100,100,http://10.0.107.201:3001/character/25,62,0,0
1736371365116,67,put_character,200,OK,Thread Group 1-6,text,true,,265,223,100,100,http://10.0.107.201:3001/character/82,67,0,0
1736371365121,63,post_character,200,OK,Thread Group 1-20,text,true,,265,223,100,100,http://10.0.107.201:3001/character,63,0,0
1736371365121,63,post_character,200,OK,Thread Group 1-18,text,true,,265,223,100,100,http://10.0.107.201:3001/character,63,0,0
1736371365121,63,post_character,200,OK,Thread Group 1-15,text,true,,265,223,100,100,http://10.0.107.201:3001/character,63,0,0
1736371365121,63,post_character,200,OK,Thread Group 1-13,text,true,,265,223,100,100,http://10.0.107.201:3001/character,63,0,0
1736371365121,63,post_character,200,OK,Thread Group 1-14,text,true,,264,222,100,100,http://10.0.107.201:3001/character,63,0,0
1736371365121,63,post_character,200,OK,Thread Group 1-16,text,true,,265,223,100,100,http://10.0.107.201:3001/character,63,0,0
1736371365122,62,post_character,200,OK,Thread Group 1-28,text,true,,264,222,100,100,http://10.0.107.201:3001/character,62,0,0
1736371365122,62,post_character,200,OK,Thread Group 1-19,text,true,,265,223,100,100,http://10.0.107.201:3001/character,62,0,0
1736371365122,62,post_character,200,OK,Thread Group 1-17,text,true,,265,223,100,100,http://10.0.107.201:3001/character,62,0,0
1736371365123,62,get_character/id,200,OK,Thread Group 1-59,text,true,,265,163,100,100,http://10.0.107.201:3001/character/80,62,0,0
1736371365122,62,post_character,200,OK,Thread Group 1-25,text,true,,265,223,100,100,http://10.0.107.201:3001/character,62,0,0
1736371365122,63,post_character,200,OK,Thread Group 1-21,text,true,,265,223,100,100,http://10.0.107.201:3001/character,63,0,0
1736371365122,63,post_character,200,OK,Thread Group 1-22,text,true,,265,223,100,100,http://10.0.107.201:3001/character,63,0,0
1736371365123,62,get_character/id,200,OK,Thread Group 1-56,text,true,,265,163,100,100,http://10.0.107.201:3001/character/83,62,0,0
1736371365122,62,post_character,200,OK,Thread Group 1-23,text,true,,265,223,100,100,http://10.0.107.201:3001/character,62,0,0
1736371365123,62,post_character,200,OK,Thread Group 1-24,text,true,,265,223,100,100,http://10.0.107.201:3001/character,62,0,0
1736371365123,62,post_character,200,OK,Thread Group 1-27,text,true,,265,223,100,100,http://10.0.107.201:3001/character,62,0,0
1736371365123,62,post_character,200,OK,Thread Group 1-29,text,true,,265,223,100,100,http://10.0.107.201:3001/character,62,0,0
1736371365123,62,put_character,200,OK,Thread Group 1-4,text,true,,265,223,100,100,http://10.0.107.201:3001/character/14,62,0,0
1736371365125,60,get_character/id,200,OK,Thread Group 1-63,text,true,,265,163,100,100,http://10.0.107.201:3001/character/63,60,0,0
1736371365123,61,post_character,200,OK,Thread Group 1-26,text,true,,265,223,100,100,http://10.0.107.201:3001/character,61,0,0
1736371365125,60,get_character/id,200,OK,Thread Group 1-60,text,true,,265,163,100,100,http://10.0.107.201:3001/character/57,60,0,0
1736371365123,62,post_character,200,OK,Thread Group 1-30,text,true,,265,223,100,100,http://10.0.107.201:3001/character,62,0,0
1736371365126,59,get_character/id,200,OK,Thread Group 1-66,text,true,,265,163,100,100,http://10.0.107.201:3001/character/60,59,0,0
1736371365126,60,get_character/id,200,OK,Thread Group 1-65,text,true,,265,164,100,100,http://10.0.107.201:3001/character/100,60,0,0
1736371365132,54,post_character,200,OK,Thread Group 1-35,text,true,,265,223,100,100,http://10.0.107.201:3001/character,54,0,0
1736371365134,52,get_character/id,200,OK,Thread Group 1-77,text,true,,265,163,100,100,http://10.0.107.201:3001/character/29,52,0,0
1736371365132,54,post_character,200,OK,Thread Group 1-33,text,true,,265,223,100,100,http://10.0.107.201:3001/character,54,0,0
1736371365138,48,get_character/id,200,OK,Thread Group 1-83,text,true,,265,163,100,100,http://10.0.107.201:3001/character/64,48,0,0
1736371365131,55,get_character/id,200,OK,Thread Group 1-73,text,true,,265,163,100,100,http://10.0.107.201:3001/character/14,55,0,0
1736371365132,54,post_character,200,OK,Thread Group 1-32,text,true,,265,223,100,100,http://10.0.107.201:3001/character,54,0,0
1736371365126,60,get_character/id,200,OK,Thread Group 1-71,text,true,,265,163,100,100,http://10.0.107.201:3001/character/15,60,0,0
1736371365132,54,post_character,200,OK,Thread Group 1-31,text,true,,265,223,100,100,http://10.0.107.201:3001/character,54,0,0
1736371365143,43,get_character/id,200,OK,Thread Group 1-88,text,true,,265,163,100,100,http://10.0.107.201:3001/character/71,43,0,0
1736371365147,39,get_character/id,200,OK,Thread Group 1-89,text,true,,265,163,100,100,http://10.0.107.201:3001/character/80,39,0,0
1736371365138,48,get_character/id,200,OK,Thread Group 1-80,text,true,,265,163,100,100,http://10.0.107.201:3001/character/56,48,0,0
1736371365138,48,get_character/id,200,OK,Thread Group 1-86,text,true,,265,163,100,100,http://10.0.107.201:3001/character/90,48,0,0
1736371365158,28,get_character/id,200,OK,Thread Group 1-94,text,true,,265,163,100,100,http://10.0.107.201:3001/character/92,28,0,0
1736371365147,40,get_character/id,200,OK,Thread Group 1-91,text,true,,265,163,100,100,http://10.0.107.201:3001/character/20,40,0,0
1736371365148,39,get_character/id,200,OK,Thread Group 1-92,text,true,,265,163,100,100,http://10.0.107.201:3001/character/55,39,0,0
1736371365132,54,get_character/id,200,OK,Thread Group 1-68,text,true,,265,163,100,100,http://10.0.107.201:3001/character/89,54,0,0
1736371365132,55,put_character,200,OK,Thread Group 1-1,text,true,,265,223,100,100,http://10.0.107.201:3001/character/89,55,0,0
1736371365147,40,get_character/id,200,OK,Thread Group 1-90,text,true,,265,163,100,100,http://10.0.107.201:3001/character/42,40,0,0
1736371365163,24,get_character/id,200,OK,Thread Group 1-95,text,true,,265,163,100,100,http://10.0.107.201:3001/character/53,24,0,0
1736371365163,24,get_character/id,200,OK,Thread Group 1-96,text,true,,265,163,100,100,http://10.0.107.201:3001/character/18,24,0,0
1736371365163,24,get_character/id,200,OK,Thread Group 1-98,text,true,,265,163,100,100,http://10.0.107.201:3001/character/71,24,0,0
1736371365132,54,get_character/id,200,OK,Thread Group 1-78,text,true,,265,163,100,100,http://10.0.107.201:3001/character/12,54,0,0
1736371365131,55,get_character/id,200,OK,Thread Group 1-74,text,true,,265,163,100,100,http://10.0.107.201:3001/character/10,55,0,0
1736371365138,49,get_character/id,200,OK,Thread Group 1-85,text,true,,265,163,100,100,http://10.0.107.201:3001/character/49,49,0,0
1736371365148,38,get_character/id,200,OK,Thread Group 1-93,text,true,,265,163,100,100,http://10.0.107.201:3001/character/86,38,0,0
1736371365166,21,get_character/id,200,OK,Thread Group 1-99,text,true,,265,162,100,100,http://10.0.107.201:3001/character/4,21,0,0
1736371365166,21,get_character/id,200,OK,Thread Group 1-100,text,true,,265,163,100,100,http://10.0.107.201:3001/character/23,21,0,0
1736371365166,21,post_character,200,OK,Thread Group 1-37,text,true,,264,222,100,100,http://10.0.107.201:3001/character,21,0,0
1736371365166,22,get_character/id,200,OK,Thread Group 1-97,text,true,,265,163,100,100,http://10.0.107.201:3001/character/30,22,0,0
1736371365166,22,post_character,200,OK,Thread Group 1-38,text,true,,265,223,100,100,http://10.0.107.201:3001/character,22,0,0
1736371365166,23,post_character,200,OK,Thread Group 1-42,text,true,,265,223,100,100,http://10.0.107.201:3001/character,23,0,0
1736371365166,23,post_character,200,OK,Thread Group 1-39,text,true,,265,223,100,100,http://10.0.107.201:3001/character,23,0,0
1736371365166,26,put_character,200,OK,Thread Group 1-2,text,true,,265,223,100,100,http://10.0.107.201:3001/character/77,26,0,0
1736371365166,27,put_character,200,OK,Thread Group 1-5,text,true,,265,223,100,100,http://10.0.107.201:3001/character/24,27,0,0
1736371365166,27,post_character,200,OK,Thread Group 1-41,text,true,,265,223,100,100,http://10.0.107.201:3001/character,27,0,0
1736371365166,28,post_character,200,OK,Thread Group 1-43,text,true,,265,223,100,100,http://10.0.107.201:3001/character,28,0,0
1736371365167,27,post_character,200,OK,Thread Group 1-40,text,true,,264,222,100,100,http://10.0.107.201:3001/character,27,0,0
1736371365166,28,post_character,200,OK,Thread Group 1-34,text,true,,265,223,100,100,http://10.0.107.201:3001/character,28,0,0
1736371365167,28,post_character,200,OK,Thread Group 1-44,text,true,,265,223,100,100,http://10.0.107.201:3001/character,28,0,0
1736371365167,28,post_character,200,OK,Thread Group 1-36,text,true,,265,223,100,100,http://10.0.107.201:3001/character,28,0,0
1736371365167,32,put_character,200,OK,Thread Group 1-7,text,true,,265,223,100,100,http://10.0.107.201:3001/character/68,32,0,0
1736371365173,26,put_character,200,OK,Thread Group 1-10,text,true,,265,223,100,100,http://10.0.107.201:3001/character/73,26,0,0
1736371365173,26,post_character,200,OK,Thread Group 1-47,text,true,,265,223,100,100,http://10.0.107.201:3001/character,26,0,0
1736371365173,26,post_character,200,OK,Thread Group 1-55,text,true,,265,223,100,100,http://10.0.107.201:3001/character,26,0,0
1736371365173,26,post_character,200,OK,Thread Group 1-49,text,true,,265,223,100,100,http://10.0.107.201:3001/character,26,0,0
1736371365173,66,post_character,200,OK,Thread Group 1-52,text,true,,265,223,100,100,http://10.0.107.201:3001/character,66,0,0
1736371365173,66,post_character,200,OK,Thread Group 1-50,text,true,,265,223,100,100,http://10.0.107.201:3001/character,66,0,0
1736371365173,66,post_character,200,OK,Thread Group 1-72,text,true,,265,223,100,100,http://10.0.107.201:3001/character,66,0,0
1736371365173,70,post_character,200,OK,Thread Group 1-61,text,true,,265,223,100,100,http://10.0.107.201:3001/character,70,0,0
1736371365174,69,put_character,200,OK,Thread Group 1-8,text,true,,265,223,100,100,http://10.0.107.201:3001/character/40,69,0,0
1736371365174,69,post_character,200,OK,Thread Group 1-67,text,true,,265,223,100,100,http://10.0.107.201:3001/character,69,0,0
1736371365174,69,post_character,200,OK,Thread Group 1-58,text,true,,265,223,100,100,http://10.0.107.201:3001/character,69,0,0
1736371365173,70,post_character,200,OK,Thread Group 1-62,text,true,,265,223,100,100,http://10.0.107.201:3001/character,70,0,0
1736371365174,69,post_character,200,OK,Thread Group 1-84,text,true,,265,223,100,100,http://10.0.107.201:3001/character,69,0,0
1736371365174,69,post_character,200,OK,Thread Group 1-79,text,true,,265,223,100,100,http://10.0.107.201:3001/character,69,0,0
1736371365174,69,post_character,200,OK,Thread Group 1-64,text,true,,265,223,100,100,http://10.0.107.201:3001/character,69,0,0
1736371365174,69,post_character,200,OK,Thread Group 1-69,text,true,,265,223,100,100,http://10.0.107.201:3001/character,69,0,0
1736371365174,69,post_character,200,OK,Thread Group 1-57,text,true,,265,223,100,100,http://10.0.107.201:3001/character,69,0,0
1736371365175,74,post_character,200,OK,Thread Group 1-53,text,true,,264,222,100,100,http://10.0.107.201:3001/character,74,0,0
1736371365175,75,post_character,200,OK,Thread Group 1-46,text,true,,265,223,100,100,http://10.0.107.201:3001/character,75,0,0
1736371365175,74,put_character,200,OK,Thread Group 1-11,text,true,,265,223,100,100,http://10.0.107.201:3001/character/66,74,0,0
1736371365174,76,delete_character,200,OK,Thread Group 1-9,text,true,,249,185,100,100,http://10.0.107.201:3001/character/68,76,0,0
1736371365175,75,post_character,200,OK,Thread Group 1-70,text,true,,266,224,100,100,http://10.0.107.201:3001/character,75,0,0
1736371365184,66,put_character,200,OK,Thread Group 1-15,text,true,,265,223,100,100,http://10.0.107.201:3001/character/56,66,0,0
1736371365184,66,put_character,200,OK,Thread Group 1-20,text,true,,265,223,100,100,http://10.0.107.201:3001/character/81,66,0,0
1736371365174,76,put_character,200,OK,Thread Group 1-12,text,true,,265,223,100,100,http://10.0.107.201:3001/character/55,75,0,0
1736371365185,65,put_character,200,OK,Thread Group 1-28,text,true,,265,223,100,100,http://10.0.107.201:3001/character/99,65,0,0
1736371365175,75,post_character,200,OK,Thread Group 1-82,text,true,,265,223,100,100,http://10.0.107.201:3001/character,75,0,0
1736371365185,65,put_character,200,OK,Thread Group 1-17,text,true,,265,222,100,100,http://10.0.107.201:3001/character/7,65,0,0
1736371365175,74,post_character,200,OK,Thread Group 1-87,text,true,,265,223,100,100,http://10.0.107.201:3001/character,74,0,0
1736371365185,65,post_character,200,OK,Thread Group 1-59,text,true,,265,223,100,100,http://10.0.107.201:3001/character,65,0,0
1736371365184,66,put_character,200,OK,Thread Group 1-14,text,true,,265,223,100,100,http://10.0.107.201:3001/character/24,66,0,0
1736371365183,67,post_character,200,OK,Thread Group 1-48,text,true,,265,223,100,100,http://10.0.107.201:3001/character,67,0,0
1736371365185,65,put_character,200,OK,Thread Group 1-22,text,true,,265,223,100,100,http://10.0.107.201:3001/character/58,65,0,0
1736371365185,65,put_character,200,OK,Thread Group 1-21,text,true,,265,223,100,100,http://10.0.107.201:3001/character/71,65,0,0
1736371365185,65,post_character,200,OK,Thread Group 1-56,text,true,,265,223,100,100,http://10.0.107.201:3001/character,65,0,0
1736371365183,68,post_character,200,OK,Thread Group 1-54,text,true,,265,223,100,100,http://10.0.107.201:3001/character,68,0,0
1736371365185,66,put_character,200,OK,Thread Group 1-19,text,true,,265,223,100,100,http://10.0.107.201:3001/character/78,66,0,0
1736371365184,66,delete_character,200,OK,Thread Group 1-6,text,true,,249,185,100,100,http://10.0.107.201:3001/character/80,66,0,0
1736371365185,66,put_character,200,OK,Thread Group 1-29,text,true,,265,223,100,100,http://10.0.107.201:3001/character/64,66,0,0
1736371365185,66,put_character,200,OK,Thread Group 1-27,text,true,,265,223,100,100,http://10.0.107.201:3001/character/90,66,0,0
1736371365185,66,delete_character,200,OK,Thread Group 1-4,text,true,,249,185,100,100,http://10.0.107.201:3001/character/28,66,0,0
1736371365175,74,post_character,200,OK,Thread Group 1-81,text,true,,265,223,100,100,http://10.0.107.201:3001/character,74,0,0
1736371365175,74,post_character,200,OK,Thread Group 1-51,text,true,,265,223,100,100,http://10.0.107.201:3001/character,74,0,0
1736371365185,66,put_character,200,OK,Thread Group 1-18,text,true,,265,223,100,100,http://10.0.107.201:3001/character/22,66,0,0
1736371365185,66,put_character,200,OK,Thread Group 1-25,text,true,,265,223,100,100,http://10.0.107.201:3001/character/29,66,0,0
1736371365185,66,put_character,200,OK,Thread Group 1-13,text,true,,265,223,100,100,http://10.0.107.201:3001/character/98,66,0,0
1736371365185,66,put_character,200,OK,Thread Group 1-24,text,true,,265,222,100,100,http://10.0.107.201:3001/character/2,66,0,0
1736371365174,75,post_character,200,OK,Thread Group 1-45,text,true,,264,222,100,100,http://10.0.107.201:3001/character,75,0,0
1736371365185,66,put_character,200,OK,Thread Group 1-23,text,true,,265,223,100,100,http://10.0.107.201:3001/character/36,66,0,0
1736371365184,66,put_character,200,OK,Thread Group 1-16,text,true,,265,223,100,100,http://10.0.107.201:3001/character/90,66,0,0
1736371365175,75,post_character,200,OK,Thread Group 1-76,text,true,,265,223,100,100,http://10.0.107.201:3001/character,75,0,0
1736371365175,75,post_character,200,OK,Thread Group 1-75,text,true,,265,223,100,100,http://10.0.107.201:3001/character,75,0,0
1736371365183,67,delete_character,200,OK,Thread Group 1-3,text,true,,249,185,100,100,http://10.0.107.201:3001/character/80,67,0,0
1736371365185,66,post_character,200,OK,Thread Group 1-60,text,true,,265,223,100,100,http://10.0.107.201:3001/character,66,0,0
1736371365186,76,post_character,200,OK,Thread Group 1-83,text,true,,265,223,96,96,http://10.0.107.201:3001/character,76,0,0
1736371365185,77,post_character,200,OK,Thread Group 1-63,text,true,,265,223,96,96,http://10.0.107.201:3001/character,77,0,0
1736371365186,76,post_character,200,OK,Thread Group 1-71,text,true,,265,223,96,96,http://10.0.107.201:3001/character,76,0,0
1736371365185,77,put_character,200,OK,Thread Group 1-26,text,true,,265,223,96,96,http://10.0.107.201:3001/character/20,77,0,0
1736371365186,76,post_character,200,OK,Thread Group 1-89,text,true,,265,223,96,96,http://10.0.107.201:3001/character,76,0,0
1736371365186,76,put_character,200,OK,Thread Group 1-32,text,true,,265,223,96,96,http://10.0.107.201:3001/character/87,76,0,0
1736371365186,76,put_character,200,OK,Thread Group 1-31,text,true,,265,223,96,96,http://10.0.107.201:3001/character/43,76,0,0
1736371365186,76,put_character,200,OK,Thread Group 1-33,text,true,,265,223,96,96,http://10.0.107.201:3001/character/37,76,0,0
1736371365186,76,post_character,200,OK,Thread Group 1-73,text,true,,265,223,96,96,http://10.0.107.201:3001/character,76,0,0
1736371365187,75,post_character,200,OK,Thread Group 1-80,text,true,,265,223,96,96,http://10.0.107.201:3001/character,75,0,0
1736371365186,76,post_character,200,OK,Thread Group 1-65,text,true,,264,222,96,96,http://10.0.107.201:3001/character,76,0,0
1736371365186,76,put_character,200,OK,Thread Group 1-35,text,true,,265,223,96,96,http://10.0.107.201:3001/character/62,76,0,0
1736371365187,76,post_character,200,OK,Thread Group 1-91,text,true,,265,223,96,96,http://10.0.107.201:3001/character,76,0,0
1736371365186,76,post_character,200,OK,Thread Group 1-77,text,true,,265,223,96,96,http://10.0.107.201:3001/character,76,0,0
1736371365187,76,post_character,200,OK,Thread Group 1-68,text,true,,265,223,96,96,http://10.0.107.201:3001/character,76,0,0
1736371365187,76,delete_character,200,OK,Thread Group 1-1,text,true,,249,185,96,96,http://10.0.107.201:3001/character/82,76,0,0
1736371365186,76,put_character,200,OK,Thread Group 1-30,text,true,,265,223,96,96,http://10.0.107.201:3001/character/75,76,0,0
1736371365187,76,post_character,200,OK,Thread Group 1-92,text,true,,265,223,96,96,http://10.0.107.201:3001/character,76,0,0
1736371365187,75,post_character,200,OK,Thread Group 1-94,text,true,,265,223,96,96,http://10.0.107.201:3001/character,75,0,0
1736371365186,76,post_character,200,OK,Thread Group 1-88,text,true,,265,223,96,96,http://10.0.107.201:3001/character,76,0,0
1736371365185,77,post_character,200,OK,Thread Group 1-66,text,true,,265,223,96,96,http://10.0.107.201:3001/character,77,0,0
1736371365187,84,post_character,200,OK,Thread Group 1-74,text,true,,265,223,95,95,http://10.0.107.201:3001/character,84,0,0
1736371365187,85,post_character,200,OK,Thread Group 1-93,text,true,,265,223,95,95,http://10.0.107.201:3001/character,85,0,0
1736371365187,85,post_character,200,OK,Thread Group 1-95,text,true,,265,223,95,95,http://10.0.107.201:3001/character,85,0,0
1736371365187,84,post_character,200,OK,Thread Group 1-86,text,true,,265,223,95,95,http://10.0.107.201:3001/character,84,0,0
1736371365187,85,post_character,200,OK,Thread Group 1-96,text,true,,265,223,95,95,http://10.0.107.201:3001/character,85,0,0
1736371365187,84,post_character,200,OK,Thread Group 1-90,text,true,,265,223,95,95,http://10.0.107.201:3001/character,84,0,0
1736371365188,84,post_character,200,OK,Thread Group 1-99,text,true,,265,223,95,95,http://10.0.107.201:3001/character,84,0,0
1736371365188,84,put_character,200,OK,Thread Group 1-37,text,true,,265,222,95,95,http://10.0.107.201:3001/character/5,84,0,0
1736371365187,85,post_character,200,OK,Thread Group 1-98,text,true,,265,223,95,95,http://10.0.107.201:3001/character,85,0,0
1736371365188,84,post_character,200,OK,Thread Group 1-100,text,true,,265,223,95,95,http://10.0.107.201:3001/character,84,0,0
1736371365187,85,post_character,200,OK,Thread Group 1-85,text,true,,265,223,95,95,http://10.0.107.201:3001/character,85,0,0
1736371365187,84,post_character,200,OK,Thread Group 1-78,text,true,,265,223,95,95,http://10.0.107.201:3001/character,84,0,0
1736371365190,84,put_character,200,OK,Thread Group 1-39,text,true,,265,223,95,95,http://10.0.107.201:3001/character/45,84,0,0
1736371365188,86,post_character,200,OK,Thread Group 1-97,text,true,,265,223,95,95,http://10.0.107.201:3001/character,86,0,0
1736371365188,86,put_character,200,OK,Thread Group 1-38,text,true,,265,223,95,95,http://10.0.107.201:3001/character/14,86,0,0
1736371365193,81,delete_character,200,OK,Thread Group 1-5,text,true,,249,185,95,95,http://10.0.107.201:3001/character/51,81,0,0
1736371365193,81,put_character,200,OK,Thread Group 1-41,text,true,,265,223,95,95,http://10.0.107.201:3001/character/39,81,0,0
1736371365195,79,put_character,200,OK,Thread Group 1-34,text,true,,265,223,95,95,http://10.0.107.201:3001/character/27,79,0,0
1736371365194,80,put_character,200,OK,Thread Group 1-43,text,true,,265,223,95,95,http://10.0.107.201:3001/character/91,80,0,0
1736371365196,78,put_character,200,OK,Thread Group 1-44,text,true,,265,223,95,95,http://10.0.107.201:3001/character/84,78,0,0
1736371365195,79,put_character,200,OK,Thread Group 1-40,text,true,,265,223,95,95,http://10.0.107.201:3001/character/76,79,0,0
1736371365243,32,delete_character,200,OK,Thread Group 1-8,text,true,,249,185,95,95,http://10.0.107.201:3001/character/34,32,0,0
1736371365196,78,put_character,200,OK,Thread Group 1-36,text,true,,265,223,95,95,http://10.0.107.201:3001/character/85,78,0,0
1736371365199,76,put_character,200,OK,Thread Group 1-47,text,true,,265,223,94,94,http://10.0.107.201:3001/character/68,76,0,0
1736371365199,76,delete_character,200,OK,Thread Group 1-10,text,true,,249,185,94,94,http://10.0.107.201:3001/character/89,76,0,0
1736371365240,35,put_character,200,OK,Thread Group 1-52,text,true,,265,223,94,94,http://10.0.107.201:3001/character/21,35,0,0
1736371365240,35,put_character,200,OK,Thread Group 1-50,text,true,,265,223,94,94,http://10.0.107.201:3001/character/62,35,0,0
1736371365199,76,put_character,200,OK,Thread Group 1-49,text,true,,265,223,94,94,http://10.0.107.201:3001/character/49,76,0,0
1736371365189,85,put_character,200,OK,Thread Group 1-42,text,true,,265,223,95,95,http://10.0.107.201:3001/character/74,85,0,0
1736371365199,76,delete_character,200,OK,Thread Group 1-7,text,true,,249,185,93,93,http://10.0.107.201:3001/character/65,76,0,0
1736371365240,35,put_character,200,OK,Thread Group 1-72,text,true,,265,223,92,92,http://10.0.107.201:3001/character/20,35,0,0
1736371365193,81,delete_character,200,OK,Thread Group 1-2,text,true,,249,185,95,95,http://10.0.107.201:3001/character/42,81,0,0
1736371365199,76,put_character,200,OK,Thread Group 1-55,text,true,,265,223,92,92,http://10.0.107.201:3001/character/85,76,0,0
1736371365243,39,put_character,200,OK,Thread Group 1-57,text,true,,265,223,90,90,http://10.0.107.201:3001/character/82,39,0,0
1736371365243,39,put_character,200,OK,Thread Group 1-61,text,true,,265,223,90,90,http://10.0.107.201:3001/character/84,39,0,0
1736371365243,39,put_character,200,OK,Thread Group 1-69,text,true,,265,223,90,90,http://10.0.107.201:3001/character/51,39,0,0
1736371365243,75,put_character,200,OK,Thread Group 1-79,text,true,,265,223,90,90,http://10.0.107.201:3001/character/67,75,0,0
1736371365243,75,put_character,200,OK,Thread Group 1-67,text,true,,265,222,90,90,http://10.0.107.201:3001/character/4,75,0,0
1736371365250,73,put_character,200,OK,Thread Group 1-46,text,true,,265,223,90,90,http://10.0.107.201:3001/character/89,73,0,0
1736371365243,80,put_character,200,OK,Thread Group 1-62,text,true,,265,223,90,90,http://10.0.107.201:3001/character/48,80,0,0
1736371365250,73,put_character,200,OK,Thread Group 1-53,text,true,,265,223,90,90,http://10.0.107.201:3001/character/64,73,0,0
1736371365243,80,put_character,200,OK,Thread Group 1-64,text,true,,265,223,90,90,http://10.0.107.201:3001/character/69,80,0,0
1736371365250,74,delete_character,200,OK,Thread Group 1-15,text,true,,249,184,90,90,http://10.0.107.201:3001/character/2,74,0,0
1736371365250,74,delete_character,200,OK,Thread Group 1-11,text,true,,249,185,90,90,http://10.0.107.201:3001/character/98,74,0,0
1736371365243,81,put_character,200,OK,Thread Group 1-84,text,true,,265,223,90,90,http://10.0.107.201:3001/character/93,80,0,0
1736371365250,74,delete_character,200,OK,Thread Group 1-20,text,true,,249,185,90,90,http://10.0.107.201:3001/character/96,74,0,0
1736371365250,74,delete_character,200,OK,Thread Group 1-28,text,true,,249,185,90,90,http://10.0.107.201:3001/character/94,74,0,0
1736371365250,74,delete_character,200,OK,Thread Group 1-12,text,true,,249,185,90,90,http://10.0.107.201:3001/character/55,74,0,0
1736371365250,74,put_character,200,OK,Thread Group 1-59,text,true,,265,223,90,90,http://10.0.107.201:3001/character/35,74,0,0
1736371365243,81,put_character,200,OK,Thread Group 1-58,text,true,,265,223,90,90,http://10.0.107.201:3001/character/37,80,0,0
1736371365250,74,put_character,200,OK,Thread Group 1-70,text,true,,265,223,90,90,http://10.0.107.201:3001/character/81,74,0,0
1736371365250,74,delete_character,200,OK,Thread Group 1-14,text,true,,249,185,90,90,http://10.0.107.201:3001/character/87,74,0,0
1736371365250,74,put_character,200,OK,Thread Group 1-82,text,true,,265,223,90,90,http://10.0.107.201:3001/character/78,74,0,0
1736371365251,73,delete_character,200,OK,Thread Group 1-22,text,true,,249,185,90,90,http://10.0.107.201:3001/character/23,73,0,0
1736371365250,74,put_character,200,OK,Thread Group 1-87,text,true,,265,224,90,90,http://10.0.107.201:3001/character/100,74,0,0
1736371365250,74,put_character,200,OK,Thread Group 1-48,text,true,,265,223,89,89,http://10.0.107.201:3001/character/58,74,0,0
1736371365251,73,delete_character,200,OK,Thread Group 1-29,text,true,,249,185,88,88,http://10.0.107.201:3001/character/38,73,0,0
1736371365251,73,delete_character,200,OK,Thread Group 1-21,text,true,,249,185,88,88,http://10.0.107.201:3001/character/76,73,0,0
1736371365251,73,put_character,200,OK,Thread Group 1-56,text,true,,265,223,88,88,http://10.0.107.201:3001/character/76,73,0,0
1736371365251,73,delete_character,200,OK,Thread Group 1-19,text,true,,249,184,87,87,http://10.0.107.201:3001/character/3,73,0,0
1736371365251,73,delete_character,200,OK,Thread Group 1-23,text,true,,249,185,87,87,http://10.0.107.201:3001/character/26,73,0,0
1736371365251,73,delete_character,200,OK,Thread Group 1-16,text,true,,249,185,87,87,http://10.0.107.201:3001/character/40,73,0,0
1736371365251,73,delete_character,200,OK,Thread Group 1-27,text,true,,249,185,87,87,http://10.0.107.201:3001/character/78,73,0,0
1736371365251,73,put_character,200,OK,Thread Group 1-54,text,true,,265,223,87,87,http://10.0.107.201:3001/character/59,73,0,0
1736371365251,73,delete_character,200,OK,Thread Group 1-18,text,true,,249,185,87,87,http://10.0.107.201:3001/character/31,73,0,0
1736371365250,74,delete_character,200,OK,Thread Group 1-17,text,true,,249,185,90,90,http://10.0.107.201:3001/character/94,74,0,0
1736371365251,74,put_character,200,OK,Thread Group 1-51,text,true,,265,223,87,87,http://10.0.107.201:3001/character/73,74,0,0
1736371365251,74,put_character,200,OK,Thread Group 1-81,text,true,,265,223,86,86,http://10.0.107.201:3001/character/93,74,0,0
1736371365251,74,put_character,200,OK,Thread Group 1-45,text,true,,265,223,86,86,http://10.0.107.201:3001/character/64,74,0,0
1736371365251,74,delete_character,200,OK,Thread Group 1-25,text,true,,249,185,86,86,http://10.0.107.201:3001/character/22,74,0,0
1736371365251,74,delete_character,200,OK,Thread Group 1-13,text,true,,249,185,86,86,http://10.0.107.201:3001/character/31,74,0,0
1736371365251,74,delete_character,200,OK,Thread Group 1-24,text,true,,249,184,86,86,http://10.0.107.201:3001/character/9,74,0,0
1736371365252,79,put_character,200,OK,Thread Group 1-60,text,true,,265,223,72,72,http://10.0.107.201:3001/character/87,79,0,0
1736371365251,80,put_character,200,OK,Thread Group 1-76,text,true,,265,222,72,72,http://10.0.107.201:3001/character/7,80,0,0
1736371365262,69,put_character,200,OK,Thread Group 1-89,text,true,,265,223,72,72,http://10.0.107.201:3001/character/10,69,0,0
1736371365251,80,put_character,200,OK,Thread Group 1-75,text,true,,265,223,72,72,http://10.0.107.201:3001/character/98,80,0,0
1736371365262,73,put_character,200,OK,Thread Group 1-63,text,true,,265,223,72,72,http://10.0.107.201:3001/character/57,73,0,0
1736371365262,73,put_character,200,OK,Thread Group 1-71,text,true,,265,223,72,72,http://10.0.107.201:3001/character/53,73,0,0
1736371365262,73,put_character,200,OK,Thread Group 1-83,text,true,,265,223,72,72,http://10.0.107.201:3001/character/43,73,0,0
1736371365262,73,delete_character,200,OK,Thread Group 1-32,text,true,,249,185,72,72,http://10.0.107.201:3001/character/59,73,0,0
1736371365263,72,put_character,200,OK,Thread Group 1-68,text,true,,265,223,72,72,http://10.0.107.201:3001/character/53,72,0,0
1736371365263,72,put_character,200,OK,Thread Group 1-92,text,true,,265,223,72,72,http://10.0.107.201:3001/character/87,72,0,0
1736371365263,72,put_character,200,OK,Thread Group 1-65,text,true,,265,223,72,72,http://10.0.107.201:3001/character/11,72,0,0
1736371365272,63,put_character,200,OK,Thread Group 1-74,text,true,,265,223,72,72,http://10.0.107.201:3001/character/25,63,0,0
1736371365263,72,put_character,200,OK,Thread Group 1-66,text,true,,265,223,72,72,http://10.0.107.201:3001/character/39,72,0,0
1736371365262,73,delete_character,200,OK,Thread Group 1-26,text,true,,249,185,72,72,http://10.0.107.201:3001/character/59,73,0,0
1736371365263,73,put_character,200,OK,Thread Group 1-94,text,true,,265,223,71,71,http://10.0.107.201:3001/character/70,73,0,0
1736371365262,73,delete_character,200,OK,Thread Group 1-33,text,true,,249,185,72,72,http://10.0.107.201:3001/character/39,73,0,0
1736371365262,74,delete_character,200,OK,Thread Group 1-31,text,true,,249,185,71,71,http://10.0.107.201:3001/character/29,74,0,0
1736371365272,64,put_character,200,OK,Thread Group 1-99,text,true,,265,223,71,71,http://10.0.107.201:3001/character/32,64,0,0
1736371365273,63,put_character,200,OK,Thread Group 1-100,text,true,,265,223,71,71,http://10.0.107.201:3001/character/83,63,0,0
1736371365272,64,put_character,200,OK,Thread Group 1-98,text,true,,265,224,71,71,http://10.0.107.201:3001/character/100,64,0,0
1736371365272,64,put_character,200,OK,Thread Group 1-86,text,true,,265,223,71,71,http://10.0.107.201:3001/character/38,64,0,0
1736371365274,62,delete_character,200,OK,Thread Group 1-34,text,true,,249,185,71,71,http://10.0.107.201:3001/character/46,62,0,0
1736371365272,64,put_character,200,OK,Thread Group 1-96,text,true,,265,223,71,71,http://10.0.107.201:3001/character/23,64,0,0
1736371365272,64,put_character,200,OK,Thread Group 1-95,text,true,,265,223,71,71,http://10.0.107.201:3001/character/77,64,0,0
1736371365272,64,put_character,200,OK,Thread Group 1-93,text,true,,265,223,71,71,http://10.0.107.201:3001/character/25,64,0,0
1736371365263,73,put_character,200,OK,Thread Group 1-88,text,true,,265,223,71,71,http://10.0.107.201:3001/character/36,73,0,0
1736371365263,73,put_character,200,OK,Thread Group 1-77,text,true,,265,223,71,71,http://10.0.107.201:3001/character/30,73,0,0
1736371365263,72,delete_character,200,OK,Thread Group 1-35,text,true,,249,185,72,72,http://10.0.107.201:3001/character/34,72,0,0
1736371365262,73,put_character,200,OK,Thread Group 1-73,text,true,,265,223,72,72,http://10.0.107.201:3001/character/56,73,0,0
1736371365263,72,put_character,200,OK,Thread Group 1-80,text,true,,265,223,72,72,http://10.0.107.201:3001/character/47,72,0,0
1736371365273,64,put_character,200,OK,Thread Group 1-78,text,true,,265,223,67,67,http://10.0.107.201:3001/character/14,64,0,0
1736371365272,65,put_character,200,OK,Thread Group 1-90,text,true,,265,223,67,67,http://10.0.107.201:3001/character/14,65,0,0
1736371365274,63,delete_character,200,OK,Thread Group 1-39,text,true,,249,185,67,67,http://10.0.107.201:3001/character/82,63,0,0
1736371365273,64,put_character,200,OK,Thread Group 1-85,text,true,,265,223,67,67,http://10.0.107.201:3001/character/51,64,0,0
1736371365274,63,delete_character,200,OK,Thread Group 1-43,text,true,,249,185,67,67,http://10.0.107.201:3001/character/45,63,0,0
1736371365263,72,put_character,200,OK,Thread Group 1-91,text,true,,265,223,72,72,http://10.0.107.201:3001/character/73,72,0,0
1736371365272,65,delete_character,200,OK,Thread Group 1-37,text,true,,249,185,66,66,http://10.0.107.201:3001/character/19,65,0,0
1736371365263,72,delete_character,200,OK,Thread Group 1-30,text,true,,249,185,72,72,http://10.0.107.201:3001/character/75,72,0,0
1736371365274,63,delete_character,200,OK,Thread Group 1-44,text,true,,249,185,66,66,http://10.0.107.201:3001/character/18,63,0,0
1736371365274,63,delete_character,200,OK,Thread Group 1-40,text,true,,249,185,64,64,http://10.0.107.201:3001/character/74,63,0,0
1736371365274,64,put_character,200,OK,Thread Group 1-97,text,true,,265,223,60,60,http://10.0.107.201:3001/character/99,64,0,0
1736371365275,65,delete_character,200,OK,Thread Group 1-36,text,true,,249,185,60,60,http://10.0.107.201:3001/character/16,64,0,0
1736371365274,66,delete_character,200,OK,Thread Group 1-41,text,true,,249,185,59,59,http://10.0.107.201:3001/character/77,66,0,0
1736371365274,67,delete_character,200,OK,Thread Group 1-38,text,true,,249,185,58,58,http://10.0.107.201:3001/character/17,67,0,0
1736371365275,66,delete_character,200,OK,Thread Group 1-47,text,true,,249,185,58,58,http://10.0.107.201:3001/character/77,66,0,0
1736371365275,66,delete_character,200,OK,Thread Group 1-52,text,true,,249,185,58,58,http://10.0.107.201:3001/character/47,66,0,0
1736371365275,66,delete_character,200,OK,Thread Group 1-49,text,true,,249,185,56,56,http://10.0.107.201:3001/character/67,66,0,0
1736371365275,73,delete_character,200,OK,Thread Group 1-72,text,true,,249,184,54,54,http://10.0.107.201:3001/character/7,73,0,0
1736371365275,73,delete_character,200,OK,Thread Group 1-50,text,true,,249,184,54,54,http://10.0.107.201:3001/character/5,73,0,0
1736371365275,73,delete_character,200,OK,Thread Group 1-55,text,true,,249,185,54,54,http://10.0.107.201:3001/character/81,73,0,0
1736371365275,73,delete_character,200,OK,Thread Group 1-42,text,true,,249,185,54,54,http://10.0.107.201:3001/character/58,73,0,0
1736371365282,69,delete_character,200,OK,Thread Group 1-57,text,true,,249,185,50,50,http://10.0.107.201:3001/character/33,69,0,0
1736371365282,69,delete_character,200,OK,Thread Group 1-61,text,true,,249,185,50,50,http://10.0.107.201:3001/character/85,69,0,0
1736371365318,33,delete_character,200,OK,Thread Group 1-79,text,true,,249,185,50,50,http://10.0.107.201:3001/character/10,33,0,0
1736371365283,68,delete_character,200,OK,Thread Group 1-69,text,true,,249,185,50,50,http://10.0.107.201:3001/character/37,68,0,0
1736371365318,34,delete_character,200,OK,Thread Group 1-67,text,true,,249,185,46,46,http://10.0.107.201:3001/character/89,34,0,0
1736371365324,28,delete_character,200,OK,Thread Group 1-64,text,true,,249,185,46,46,http://10.0.107.201:3001/character/94,28,0,0
1736371365324,34,delete_character,200,OK,Thread Group 1-84,text,true,,249,185,44,44,http://10.0.107.201:3001/character/48,34,0,0
1736371365324,35,delete_character,200,OK,Thread Group 1-62,text,true,,249,184,43,43,http://10.0.107.201:3001/character/7,35,0,0
1736371365324,37,delete_character,200,OK,Thread Group 1-70,text,true,,249,185,42,42,http://10.0.107.201:3001/character/27,37,0,0
1736371365324,37,delete_character,200,OK,Thread Group 1-82,text,true,,249,185,41,41,http://10.0.107.201:3001/character/74,37,0,0
1736371365324,38,delete_character,200,OK,Thread Group 1-58,text,true,,249,185,41,41,http://10.0.107.201:3001/character/72,37,0,0
1736371365324,40,delete_character,200,OK,Thread Group 1-87,text,true,,249,185,39,39,http://10.0.107.201:3001/character/12,40,0,0
1736371365323,41,delete_character,200,OK,Thread Group 1-46,text,true,,249,185,39,39,http://10.0.107.201:3001/character/91,41,0,0
1736371365324,40,delete_character,200,OK,Thread Group 1-53,text,true,,249,185,37,37,http://10.0.107.201:3001/character/17,40,0,0
1736371365324,40,delete_character,200,OK,Thread Group 1-59,text,true,,249,185,37,37,http://10.0.107.201:3001/character/37,40,0,0
1736371365324,42,delete_character,200,OK,Thread Group 1-48,text,true,,249,185,35,35,http://10.0.107.201:3001/character/24,42,0,0
1736371365325,42,delete_character,200,OK,Thread Group 1-56,text,true,,249,185,34,34,http://10.0.107.201:3001/character/24,42,0,0
1736371365325,43,delete_character,200,OK,Thread Group 1-54,text,true,,249,184,33,33,http://10.0.107.201:3001/character/1,43,0,0
1736371365325,44,delete_character,200,OK,Thread Group 1-81,text,true,,249,185,32,32,http://10.0.107.201:3001/character/31,44,0,0
1736371365325,45,delete_character,200,OK,Thread Group 1-51,text,true,,249,185,31,31,http://10.0.107.201:3001/character/76,45,0,0
1736371365325,46,delete_character,200,OK,Thread Group 1-45,text,true,,249,185,30,30,http://10.0.107.201:3001/character/79,46,0,0
1736371365331,40,delete_character,200,OK,Thread Group 1-89,text,true,,249,185,30,30,http://10.0.107.201:3001/character/32,40,0,0
1736371365331,41,delete_character,200,OK,Thread Group 1-76,text,true,,249,185,28,28,http://10.0.107.201:3001/character/39,41,0,0
1736371365331,42,delete_character,200,OK,Thread Group 1-75,text,true,,249,185,27,27,http://10.0.107.201:3001/character/28,42,0,0
1736371365331,55,delete_character,200,OK,Thread Group 1-60,text,true,,249,185,26,26,http://10.0.107.201:3001/character/70,55,0,0
1736371365335,56,delete_character,200,OK,Thread Group 1-92,text,true,,249,185,25,25,http://10.0.107.201:3001/character/88,56,0,0
1736371365335,56,delete_character,200,OK,Thread Group 1-66,text,true,,249,185,25,25,http://10.0.107.201:3001/character/76,56,0,0
1736371365335,56,delete_character,200,OK,Thread Group 1-68,text,true,,249,185,25,25,http://10.0.107.201:3001/character/13,56,0,0
1736371365335,59,delete_character,200,OK,Thread Group 1-65,text,true,,249,185,22,22,http://10.0.107.201:3001/character/55,59,0,0
1736371365335,59,delete_character,200,OK,Thread Group 1-74,text,true,,249,185,22,22,http://10.0.107.201:3001/character/18,59,0,0
1736371365335,59,delete_character,200,OK,Thread Group 1-71,text,true,,249,185,22,22,http://10.0.107.201:3001/character/69,59,0,0
1736371365335,59,delete_character,200,OK,Thread Group 1-83,text,true,,249,185,22,22,http://10.0.107.201:3001/character/68,59,0,0
1736371365336,63,delete_character,200,OK,Thread Group 1-98,text,true,,249,184,18,18,http://10.0.107.201:3001/character/3,63,0,0
1736371365336,63,delete_character,200,OK,Thread Group 1-88,text,true,,249,184,18,18,http://10.0.107.201:3001/character/5,63,0,0
1736371365336,63,delete_character,200,OK,Thread Group 1-86,text,true,,249,185,18,18,http://10.0.107.201:3001/character/33,63,0,0
1736371365336,63,delete_character,200,OK,Thread Group 1-99,text,true,,249,185,18,18,http://10.0.107.201:3001/character/53,63,0,0
1736371365336,63,delete_character,200,OK,Thread Group 1-73,text,true,,249,185,18,18,http://10.0.107.201:3001/character/37,63,0,0
1736371365335,64,delete_character,200,OK,Thread Group 1-63,text,true,,249,185,18,18,http://10.0.107.201:3001/character/17,64,0,0
1736371365336,63,delete_character,200,OK,Thread Group 1-77,text,true,,249,185,18,18,http://10.0.107.201:3001/character/78,63,0,0
1736371365336,63,delete_character,200,OK,Thread Group 1-95,text,true,,249,185,18,18,http://10.0.107.201:3001/character/64,63,0,0
1736371365336,64,delete_character,200,OK,Thread Group 1-94,text,true,,249,185,10,10,http://10.0.107.201:3001/character/61,64,0,0
1736371365337,63,delete_character,200,OK,Thread Group 1-78,text,true,,249,185,10,10,http://10.0.107.201:3001/character/47,63,0,0
1736371365336,64,delete_character,200,OK,Thread Group 1-93,text,true,,249,185,10,10,http://10.0.107.201:3001/character/80,64,0,0
1736371365336,64,delete_character,200,OK,Thread Group 1-100,text,true,,249,185,10,10,http://10.0.107.201:3001/character/75,64,0,0
1736371365337,63,delete_character,200,OK,Thread Group 1-85,text,true,,249,185,10,10,http://10.0.107.201:3001/character/58,63,0,0
1736371365337,63,delete_character,200,OK,Thread Group 1-80,text,true,,249,185,10,10,http://10.0.107.201:3001/character/20,63,0,0
1736371365336,64,delete_character,200,OK,Thread Group 1-96,text,true,,249,185,10,10,http://10.0.107.201:3001/character/98,64,0,0
1736371365337,63,delete_character,200,OK,Thread Group 1-90,text,true,,249,185,10,10,http://10.0.107.201:3001/character/19,63,0,0
1736371365337,63,delete_character,200,OK,Thread Group 1-91,text,true,,249,185,10,10,http://10.0.107.201:3001/character/76,63,0,0
1736371365339,61,delete_character,200,OK,Thread Group 1-97,text,true,,249,185,10,10,http://10.0.107.201:3001/character/78,61,0,0
